{
  "Update_Booking_By_Patch" : {
    "transaction" : "Update_Booking_By_Patch",
    "sampleCount" : 550,
    "errorCount" : 2,
    "errorPct" : 0.36363637,
    "meanResTime" : 389.5490909090913,
    "medianResTime" : 369.0,
    "minResTime" : 325.0,
    "maxResTime" : 595.0,
    "pct1ResTime" : 485.0,
    "pct2ResTime" : 516.3499999999998,
    "pct3ResTime" : 583.49,
    "throughput" : 3.404792710029281,
    "receivedKBytesPerSec" : 3.0341950489671095,
    "sentKBytesPerSec" : 1.0372164155889982
  },
  "Delete_Booking" : {
    "transaction" : "Delete_Booking",
    "sampleCount" : 550,
    "errorCount" : 2,
    "errorPct" : 0.36363637,
    "meanResTime" : 386.46,
    "medianResTime" : 365.0,
    "minResTime" : 324.0,
    "maxResTime" : 1451.0,
    "pct1ResTime" : 475.0,
    "pct2ResTime" : 514.8999999999999,
    "pct3ResTime" : 578.94,
    "throughput" : 3.404624098548392,
    "receivedKBytesPerSec" : 2.479898693088613,
    "sentKBytesPerSec" : 0.7545546519545638
  },
  "Total" : {
    "transaction" : "Total",
    "sampleCount" : 3300,
    "errorCount" : 8,
    "errorPct" : 0.24242425,
    "meanResTime" : 1004.3951515151523,
    "medianResTime" : 386.0,
    "minResTime" : 323.0,
    "maxResTime" : 159623.0,
    "pct1ResTime" : 2907.9,
    "pct2ResTime" : 4265.749999999995,
    "pct3ResTime" : 7126.389999999943,
    "throughput" : 19.979415148029304,
    "receivedKBytesPerSec" : 16.919889829418178,
    "sentKBytesPerSec" : 6.256338166737302
  },
  "Auth" : {
    "transaction" : "Auth",
    "sampleCount" : 550,
    "errorCount" : 2,
    "errorPct" : 0.36363637,
    "meanResTime" : 4091.338181818179,
    "medianResTime" : 3133.0,
    "minResTime" : 1398.0,
    "maxResTime" : 159623.0,
    "pct1ResTime" : 6011.4000000000015,
    "pct2ResTime" : 7237.199999999999,
    "pct3ResTime" : 9296.45,
    "throughput" : 3.388097306154633,
    "receivedKBytesPerSec" : 2.579754559300943,
    "sentKBytesPerSec" : 0.8241642949985524
  },
  "Create_Booking" : {
    "transaction" : "Create_Booking",
    "sampleCount" : 550,
    "errorCount" : 0,
    "errorPct" : 0.0,
    "meanResTime" : 388.8745454545454,
    "medianResTime" : 372.5,
    "minResTime" : 323.0,
    "maxResTime" : 1509.0,
    "pct1ResTime" : 471.90000000000003,
    "pct2ResTime" : 498.0,
    "pct3ResTime" : 556.98,
    "throughput" : 3.401655059807281,
    "receivedKBytesPerSec" : 3.1246062004440707,
    "sentKBytesPerSec" : 1.5446968777445171
  },
  "Get_Booking" : {
    "transaction" : "Get_Booking",
    "sampleCount" : 550,
    "errorCount" : 0,
    "errorPct" : 0.0,
    "meanResTime" : 380.04363636363655,
    "medianResTime" : 367.0,
    "minResTime" : 323.0,
    "maxResTime" : 543.0,
    "pct1ResTime" : 457.0,
    "pct2ResTime" : 493.3499999999998,
    "pct3ResTime" : 532.0,
    "throughput" : 3.401718176926455,
    "receivedKBytesPerSec" : 3.0282539753715607,
    "sentKBytesPerSec" : 0.5580943884019965
  },
  "Update_Booking_By_Put" : {
    "transaction" : "Update_Booking_By_Put",
    "sampleCount" : 550,
    "errorCount" : 2,
    "errorPct" : 0.36363637,
    "meanResTime" : 390.1054545454547,
    "medianResTime" : 373.0,
    "minResTime" : 325.0,
    "maxResTime" : 611.0,
    "pct1ResTime" : 484.90000000000003,
    "pct2ResTime" : 508.24999999999966,
    "pct3ResTime" : 558.3900000000001,
    "throughput" : 3.4043922850281017,
    "receivedKBytesPerSec" : 3.034902081166902,
    "sentKBytesPerSec" : 1.6720933840278291
  }
}